ad_id,xyz_campaign_id,fb_campaign_id,age,gender,interest,Impressions,Clicks,Spent,Total_Conversion,Approved_Conversion
708016,1178,103318,35-39,M,90,30944,10,18.46,1,0
708024,916,103175,30-34,F,38,15914,8,13.98,0,0
708035,916,103067,35-39,F,65,196911,46,96.64,6,2
708048,1178,103238,45-49,F,107,5116,2,3.95,2,0
708048,1178,103382,45-49,M,95,10163,2,5.58,2,1
708050,916,103858,30-34,F,109,267,1,1.1,1,0
708050,1178,103657,40-44,F,18,32109,8,21.96,3,2
708061,1178,103475,35-39,F,4,84054,27,29.48,10,5
708071,936,103594,40-44,M,14,1091,1,2.32,1,0
708074,1178,103285,30-34,M,98,64105,10,8.52,4,1
708076,936,103904,30-34,F,93,5427,0,0.0,0,0
708077,916,103078,30-34,M,41,17416,4,4.24,0,0
708077,936,103091,30-34,F,7,8450,0,0.0,0,0
708078,916,103363,45-49,M,12,25003,5,6.94,0,0
708080,916,103663,30-34,M,13,4170,1,0.89,0,0
708083,936,103758,30-34,F,29,3155,0,0.0,0,0
708084,936,103177,35-39,F,101,2229,0,0.0,0,0
708099,1178,103915,35-39,F,17,2997,0,0.0,0,0
708102,936,103020,45-49,F,62,2662,0,0.0,0,0
708104,1178,103091,30-34,F,64,18650,8,11.79,1,0
708109,916,103569,40-44,M,7,2873,0,0.0,0,0
708113,916,103070,30-34,F,85,25057,6,10.17,0,0
708116,916,103756,45-49,M,22,1041,0,0.0,0,0
708117,1178,103997,30-34,M,27,3394,1,1.7,1,0
708119,936,103304,45-49,M,80,825,1,1.58,0,0
708124,1178,103398,45-49,M,3,8828,3,7.43,0,0
708126,936,103360,40-44,M,17,3527,0,0.0,0,0
708127,1178,103606,35-39,M,97,32821,1,2.07,0,0
708127,1178,103968,35-39,F,68,15516,1,1.48,1,0
708127,1178,103981,30-34,F,10,33440,8,11.38,4,2
708140,1178,103070,40-44,F,58,22141,11,23.08,5,2
708141,936,103518,40-44,M,27,2770,0,0.0,0,0
708142,1178,103968,30-34,F,32,13056,2,3.03,0,0
708142,916,103543,30-34,F,52,7862,0,0.0,0,0
708145,916,103656,35-39,F,36,662,0,0.0,0,0
708159,1178,103678,30-34,M,98,127312,59,77.3,26,9
708161,1178,103784,30-34,M,94,4022,2,3.57,2,0
708162,936,103124,40-44,M,90,10938,0,0.0,0,0
708168,936,103758,30-34,F,86,1726,0,0.0,0,0
708173,1178,103205,30-34,M,68,111989,29,44.07,15,7
708177,1178,103571,30-34,F,11,24352,10,13.57,6,3
708179,916,103104,30-34,M,83,14052,3,4.88,0,0
708182,936,103216,30-34,M,96,2557,0,0.0,0,0
708193,916,103145,45-49,M,57,26744,4,12.21,0,0
708199,1178,103660,40-44,M,67,19375,5,5.97,1,0
708200,936,103872,40-44,M,40,5529,3,4.21,0,0
708201,936,103655,30-34,F,9,886,0,0.0,0,0
708209,916,103891,30-34,F,113,315,0,0.0,0,0
708212,1178,103451,35-39,F,35,13617,2,3.86,0,0
708215,916,103331,30-34,F,69,713,0,0.0,0,0
708215,1178,104039,35-39,M,89,29480,18,38.66,5,1
708221,916,104095,40-44,F,2,14073,4,5.29,0,0
708222,1178,103324,40-44,F,56,7052,1,2.01,1,0
708225,916,103294,40-44,M,14,3888,0,0.0,0,0
708226,936,103370,45-49,F,87,3661,1,3.14,0,0
708229,1178,103363,40-44,M,105,14356,5,6.27,2,1
708229,1178,103344,40-44,F,110,4393,0,0.0,0,0
708231,916,103954,45-49,F,15,7055,1,2.49,0,0
708234,1178,103746,30-34,F,94,7896,2,2.21,0,0
708234,916,103218,35-39,M,89,2111,0,0.0,0,0
708235,936,103741,45-49,F,40,46114,8,19.93,1,0
708235,916,103271,30-34,F,101,17218,3,4.77,1,0
708238,916,103438,45-49,F,109,2295,1,2.74,0,0
708239,916,103709,45-49,M,113,19004,1,2.53,0,0
708242,1178,103489,35-39,F,63,44589,14,27.24,2,0
708246,1178,103958,35-39,M,48,30585,17,38.11,6,3
708246,1178,103308,45-49,M,14,7069,2,3.02,1,0
708247,1178,103954,30-34,F,10,11856,3,4.46,1,0
708248,1178,103269,35-39,F,59,119152,51,74.66,4,2
708248,916,103410,35-39,M,99,4981,2,3.09,0,0
708249,916,103363,30-34,F,72,27487,6,8.39,1,0
708249,916,103703,45-49,M,47,4305,2,4.21,0,0
708255,936,103982,45-49,F,27,4567,1,3.16,0,0
708255,936,103496,40-44,F,107,9806,3,8.16,0,0
708256,916,104137,40-44,F,59,5559,0,0.0,0,0
708259,1178,103877,40-44,F,2,31694,8,21.7,2,1
708264,936,103159,45-49,F,81,7310,0,0.0,0,0
708267,936,103354,30-34,F,82,16576,1,1.73,0,0
708268,936,103402,45-49,F,91,1679,0,0.0,0,0
708272,1178,103576,30-34,F,98,16301,2,1.82,1,0
708275,936,104123,35-39,M,73,211977,37,81.42,1,0
708278,1178,103527,45-49,M,112,6573,1,1.63,0,0
708280,916,103644,45-49,M,100,21302,1,2.35,0,0
708287,936,103720,30-34,F,61,618,0,0.0,0,0
708294,1178,103704,35-39,M,36,28676,19,23.48,8,3
708294,916,103184,30-34,M,56,6160,0,0.0,0,0
708295,916,103878,45-49,F,2,394,0,0.0,0,0
708298,936,103566,40-44,F,114,20467,7,17.78,1,0
708300,936,104025,30-34,M,41,1567,0,0.0,0,0
708302,916,103919,35-39,M,61,15395,2,3.03,0,0
708302,936,103985,30-34,F,88,13893,1,1.15,0,0
708306,1178,103753,35-39,M,75,43883,12,24.02,2,1
708313,1178,103370,45-49,M,18,64291,13,33.08,0,0
708317,936,103587,40-44,F,67,1818,0,0.0,0,0
708317,916,103555,30-34,F,56,5183,1,1.52,0,0
708318,936,103408,30-34,F,89,1015,0,0.0,0,0
708320,1178,104105,45-49,M,47,19802,3,4.26,0,0
708320,936,103659,35-39,M,6,9867,2,3.71,0,0
708322,1178,103468,40-44,M,82,49049,10,25.68,2,0
708323,1178,103891,45-49,M,98,41399,5,14.41,0,0
708324,916,103331,40-44,F,66,1900,0,0.0,0,0
708326,1178,103887,30-34,M,27,18038,11,8.35,2,0
708327,936,103582,45-49,F,80,12896,1,2.66,0,0
708331,936,104227,45-49,F,68,6309,0,0.0,0,0
708332,936,103272,45-49,M,110,7593,1,2.64,0,0
708333,936,103831,30-34,F,10,47812,14,19.65,3,1
708334,1178,103356,30-34,F,48,41715,10,12.04,3,1
708336,916,104122,35-39,F,95,4566,0,0.0,0,0
708337,936,103593,30-34,F,7,1271,0,0.0,0,0
708339,1178,103139,30-34,F,66,10258,2,1.68,1,0
708341,916,103742,45-49,M,16,4642,1,2.0,0,0
708341,936,103352,30-34,M,96,39795,11,17.89,1,0
708342,936,103535,35-39,F,63,21484,1,1.33,0,0
708342,936,103589,35-39,M,55,2769,1,2.04,0,0
708343,916,104267,45-49,F,43,3138,1,3.54,0,0
708344,936,104052,40-44,M,102,14221,3,4.2,0,0
708344,936,103351,45-49,F,44,9372,0,0.0,0,0
708347,916,103214,45-49,M,14,2687,0,0.0,0,0
708347,1178,104262,45-49,F,37,22327,8,25.42,5,3
708348,1178,103536,35-39,F,56,4514,1,1.32,0,0
708348,936,103472,30-34,F,94,10057,2,3.63,0,0
708353,936,103389,30-34,F,83,4090,0,0.0,0,0
708356,936,103124,45-49,M,106,17423,0,0.0,0,0
708357,916,104155,35-39,F,57,888,0,0.0,0,0
708359,916,103502,30-34,M,6,804,0,0.0,0,0
708359,936,103895,30-34,M,26,10352,2,2.22,0,0
708361,936,103734,30-34,M,93,871,0,0.0,0,0
708362,936,103903,30-34,F,25,1656,0,0.0,0,0
708364,916,104156,35-39,F,86,13967,2,4.52,0,0
708365,936,104238,30-34,M,88,7642,4,4.18,1,0
708365,916,103800,45-49,F,51,27224,8,12.21,0,0
708365,916,103845,30-34,M,20,6999,0,0.0,0,0
708367,1178,103178,35-39,M,38,12462,1,1.82,0,0
708368,916,103645,45-49,M,69,15965,0,0.0,0,0
708368,916,103719,30-34,M,67,6092,1,1.27,1,0
708369,916,103892,45-49,M,64,18147,3,4.17,0,0
708370,936,103797,45-49,F,8,5738,0,0.0,0,0
708370,916,104084,30-34,F,89,4776,1,1.93,0,0
708370,916,103524,35-39,F,32,133,0,0.0,0,0
708375,1178,103057,45-49,M,58,30458,7,15.19,4,3
708376,1178,103813,35-39,M,12,2491,0,0.0,0,0
708376,1178,103976,30-34,M,67,720,0,0.0,0,0
708376,916,103459,30-34,M,106,6941,1,1.34,0,0
708377,936,103846,35-39,F,45,125032,19,35.71,2,1
708377,936,103962,35-39,F,98,14472,2,4.35,1,0
708378,936,103816,45-49,F,50,3820,1,1.44,0,0
708378,936,103818,40-44,M,46,24711,1,1.37,0,0
708379,936,103908,35-39,F,92,5697,0,0.0,0,0
708379,936,103635,45-49,M,98,66196,7,19.58,1,0
708380,916,103608,30-34,M,102,4842,0,0.0,0,0
708381,1178,104175,30-34,F,41,27312,7,11.61,1,0
708382,1178,103577,35-39,M,14,14405,3,4.27,0,0
708383,916,103506,40-44,M,93,3479,0,0.0,0,0
708384,936,103400,40-44,M,24,8772,2,4.59,0,0
708386,936,103405,40-44,M,32,671,0,0.0,0,0
708387,1178,104159,35-39,F,22,7070,1,2.59,0,0
708387,916,103981,35-39,M,76,10463,2,4.61,0,0
708388,916,103562,30-34,F,91,4371,0,0.0,0,0
708390,916,103139,45-49,F,38,2846,0,0.0,0,0
708393,1178,103601,30-34,F,14,24232,14,10.06,7,2
708395,916,103995,35-39,M,85,482,0,0.0,0,0
708400,936,103688,45-49,M,21,23724,3,8.39,0,0
708401,916,103941,30-34,M,9,2026,0,0.0,0,0
708402,936,103441,30-34,M,12,6713,0,0.0,0,0
708403,916,104124,30-34,F,2,22243,3,2.79,0,0
708405,916,104160,35-39,M,48,4013,2,4.58,0,0
708405,916,103445,30-34,F,38,5233,1,0.86,0,0
708405,1178,103560,30-34,F,12,43222,10,12.86,1,0
708406,936,104180,45-49,M,20,5214,1,3.33,0,0
708407,1178,103836,35-39,F,91,7136,3,5.11,1,0
708408,916,104315,30-34,F,23,3482,0,0.0,0,0
708410,1178,103506,45-49,M,40,26688,4,8.15,3,1
708412,916,103887,45-49,F,13,20666,4,11.51,0,0
708413,916,103962,35-39,M,61,15081,2,4.4,0,0
708414,936,103290,45-49,M,58,20558,4,11.19,0,0
708414,1178,103433,45-49,F,26,81391,25,49.93,1,0
708414,916,103492,40-44,M,89,4307,0,0.0,0,0
708415,916,103797,35-39,M,54,5613,0,0.0,0,0
708416,1178,103494,30-34,F,95,42746,9,14.81,2,1
708417,916,104085,30-34,M,89,10344,4,4.56,2,0
708419,1178,103930,35-39,F,52,1667,1,2.18,0,0
708420,1178,104003,35-39,M,104,44660,11,23.05,3,1
708420,1178,103798,30-34,M,45,159550,65,63.67,29,17
708421,916,103466,30-34,M,71,77797,7,7.85,1,0
708422,916,103827,35-39,M,62,24403,6,11.82,0,0
708423,1178,104106,40-44,M,84,29587,0,0.0,0,0
708424,936,103318,40-44,M,48,1893,0,0.0,0,0
708428,916,103397,45-49,F,84,2550,0,0.0,0,0
708429,1178,103276,35-39,M,18,4262,2,4.46,0,0
708433,1178,103899,40-44,F,86,747,0,0.0,0,0
708433,1178,103981,35-39,F,21,15896,4,6.36,2,1
708434,1178,104108,40-44,M,76,2425,2,2.95,0,0
708438,936,103882,45-49,M,12,1996,2,4.19,0,0
708438,1178,103733,45-49,F,23,9150,3,4.7,0,0
708439,936,103878,45-49,F,101,58042,10,14.83,0,0
708439,916,103597,35-39,F,85,10861,0,0.0,0,0
708441,936,104167,40-44,F,42,2536,0,0.0,0,0
708442,936,103789,45-49,F,48,14113,3,6.73,1,0
708443,936,104063,30-34,F,26,4078,0,0.0,0,0
708444,916,103935,30-34,F,14,6333,2,2.6,0,0
708446,1178,104118,30-34,M,13,7275,3,5.02,1,0
708447,936,103629,35-39,F,14,15335,0,0.0,0,0
708448,936,103599,35-39,M,40,2516,1,2.19,0,0
708449,936,104172,35-39,M,79,10976,6,8.31,1,0
708449,1178,103660,45-49,F,106,2178,1,2.24,0,0
708450,936,103747,30-34,F,62,9062,2,3.2,0,0
708450,1178,103164,40-44,M,7,2381,3,6.03,1,0
708452,1178,103383,45-49,F,3,5511,1,1.99,0,0
708453,1178,103717,35-39,M,62,28150,18,17.94,0,0
708458,936,104036,45-49,F,109,6324,3,7.49,0,0
708458,1178,103826,40-44,M,5,17323,5,10.8,2,0
708459,936,103829,40-44,F,55,5756,1,1.59,0,0
708459,916,103453,30-34,F,30,3977,3,4.48,0,0
708459,916,104379,35-39,M,81,29214,4,4.15,0,0
708462,916,104011,35-39,F,104,6881,0,0.0,0,0
708463,1178,104289,30-34,F,58,32864,10,11.75,1,0
708463,1178,103637,45-49,M,42,23304,2,6.17,1,0
708464,916,103284,45-49,F,95,2785,0,0.0,0,0
708464,916,103866,45-49,F,113,4041,0,0.0,0,0
708465,916,104230,30-34,F,105,2159,0,0.0,0,0
708466,936,103460,45-49,F,16,8666,0,0.0,0,0
708467,1178,104365,30-34,F,27,10794,3,4.5,1,0
708469,1178,103918,45-49,F,82,1442,0,0.0,0,0
708470,916,103480,35-39,M,66,13031,3,4.69,0,0
708472,916,103762,35-39,M,3,568,0,0.0,0,0
708474,916,103286,30-34,M,51,2292,1,1.19,0,0
708474,936,103270,40-44,M,94,3328,0,0.0,0,0
708475,1178,103566,45-49,M,20,23928,7,22.52,1,0
708476,1178,103382,30-34,F,21,14997,2,2.22,1,0
708478,1178,104141,45-49,M,96,31667,6,17.24,0,0
708478,916,103654,30-34,M,2,8267,0,0.0,0,0
708478,916,103851,30-34,M,110,2482,0,0.0,0,0
708481,1178,104170,45-49,F,59,28921,6,16.56,2,1
708482,916,103210,45-49,M,99,4519,0,0.0,0,0
708482,1178,104181,30-34,M,28,14369,5,7.25,2,0
708486,936,104349,30-34,F,3,2847,0,0.0,0,0
708486,916,103770,35-39,M,15,12247,1,1.56,0,0
708488,1178,104348,35-39,F,20,7713,2,3.62,2,1
708490,1178,103921,45-49,F,100,21045,0,0.0,0,0
708490,1178,103730,35-39,F,107,4344,1,1.33,0,0
708490,916,103547,45-49,M,13,763,0,0.0,0,0
708493,936,104183,40-44,F,30,17073,2,5.15,0,0
708496,936,103746,30-34,M,49,13301,3,5.46,0,0
708496,916,104057,45-49,F,59,2217,3,6.59,0,0
708497,916,103455,30-34,F,107,10740,2,1.92,0,0
708499,1178,104153,35-39,M,51,31774,11,12.54,4,1
708499,1178,104243,35-39,F,67,32243,5,9.4,2,0
708502,936,104077,35-39,M,53,7250,1,1.77,1,0
708502,916,103693,30-34,M,86,4962,0,0.0,0,0
708502,916,104168,40-44,M,15,5771,0,0.0,0,0
708503,936,104184,30-34,F,102,27400,6,5.55,1,0
708503,1178,103859,35-39,F,3,19235,3,3.37,1,0
708506,1178,104023,40-44,M,55,24915,3,5.95,0,0
708508,1178,103047,40-44,M,22,111781,18,23.61,3,2
708508,1178,104038,30-34,M,42,35561,13,22.05,12,6
708512,1178,103964,30-34,M,52,9615,0,0.0,0,0
708513,1178,104132,45-49,F,28,66656,22,60.13,6,4
708514,1178,103257,45-49,F,90,5504,0,0.0,0,0
708516,1178,103581,30-34,F,42,18726,8,10.81,4,1
708516,1178,103497,30-34,F,106,79519,11,17.56,6,3
708517,1178,104290,30-34,M,79,11651,4,5.1,1,0
708519,1178,104119,45-49,M,95,15442,8,19.4,1,0
708520,916,103849,30-34,M,35,3472,0,0.0,0,0
708521,1178,103248,45-49,F,18,8794,2,6.35,1,0
708521,936,103745,40-44,F,113,3414,0,0.0,0,0
708521,1178,104446,30-34,F,9,40516,15,15.91,8,6
708521,916,103887,40-44,M,110,7289,2,3.77,0,0
708522,1178,104087,30-34,M,21,23722,9,8.57,7,2
708522,936,104382,30-34,M,37,39484,4,4.73,0,0
708522,916,103461,45-49,F,44,14464,7,10.54,0,0
708524,916,103982,30-34,M,111,1076,0,0.0,0,0
708524,1178,104020,30-34,F,96,2778,2,2.5,0,0
708524,916,103204,45-49,M,8,14410,3,6.0,0,0
708524,916,103604,30-34,F,56,3670,1,1.02,0,0
708525,936,104006,35-39,F,37,2973,0,0.0,0,0
708525,1178,103563,30-34,F,70,644,0,0.0,0,0
708526,916,103277,35-39,M,49,20227,3,4.87,0,0
708526,1178,103638,30-34,F,56,9285,1,1.34,0,0
708526,936,104107,45-49,F,32,17478,1,1.61,0,0
708529,916,103729,30-34,F,4,1942,0,0.0,0,0
708531,916,104000,35-39,M,90,1862,0,0.0,0,0
708532,916,103725,40-44,F,74,1413,0,0.0,0,0
708532,936,103875,30-34,M,78,8426,5,8.18,0,0
708532,1178,104162,40-44,F,62,25235,5,12.07,2,0
708534,1178,104325,40-44,F,11,18107,5,6.21,3,1
708534,1178,103543,30-34,F,110,47342,30,32.42,22,10
708535,916,103401,30-34,F,90,3283,0,0.0,0,0
708536,1178,103607,40-44,F,73,6803,3,7.26,0,0
708536,936,104193,45-49,M,95,20122,1,3.22,0,0
708537,1178,103577,40-44,M,56,13200,6,14.53,3,1
708538,1178,103816,40-44,F,101,2324,0,0.0,0,0
708539,916,104000,40-44,F,8,6361,1,2.24,0,0
708539,1178,103595,30-34,M,85,1129,0,0.0,0,0
708539,916,103431,40-44,M,96,4834,0,0.0,0,0
708541,1178,104232,30-34,F,15,20620,2,3.3,0,0
708543,936,103375,35-39,M,19,7661,1,1.43,1,0
708543,916,103549,30-34,F,18,18078,4,6.6,0,0
708544,916,103472,35-39,F,110,2302,0,0.0,0,0
708544,936,104200,45-49,M,69,17360,4,8.09,0,0
708544,1178,103774,45-49,M,82,196808,37,94.26,6,3
708545,936,104076,35-39,M,100,8188,3,5.94,0,0
708546,1178,104240,30-34,M,96,21966,3,4.19,1,0
708546,1178,104106,30-34,F,111,36401,6,8.9,0,0
708547,936,103277,35-39,F,18,6375,2,2.59,0,0
708547,916,104272,30-34,M,13,5789,1,1.13,0,0
708548,916,103746,30-34,F,29,886,0,0.0,0,0
708551,916,103830,40-44,M,86,10103,1,2.33,1,0
708551,936,103369,45-49,F,61,1816,1,3.55,0,0
708553,936,104244,40-44,M,96,9506,0,0.0,0,0
708556,1178,103677,35-39,F,29,12246,3,5.79,0,0
708556,936,103885,45-49,F,77,5713,0,0.0,0,0
708556,916,103665,45-49,M,98,14066,5,9.7,1,0
708559,916,103389,35-39,F,59,26237,5,10.01,0,0
708560,916,103806,30-34,M,47,3048,0,0.0,0,0
708564,916,103736,35-39,F,60,619,0,0.0,0,0
708566,1178,103389,40-44,F,20,19471,9,14.24,5,3
708566,1178,104016,30-34,M,102,537,0,0.0,0,0
708567,916,103593,30-34,F,72,1950,0,0.0,0,0
708567,936,103728,30-34,M,47,2727,0,0.0,0,0
708568,1178,103537,30-34,M,55,5303,0,0.0,0,0
708569,936,103836,40-44,F,36,4173,0,0.0,0,0
708569,916,104047,40-44,M,69,1696,0,0.0,0,0
708571,916,103489,35-39,F,19,1878,0,0.0,0,0
708571,1178,103829,30-34,M,44,12317,3,3.1,2,1
708572,936,103298,30-34,M,60,2147,0,0.0,0,0
708573,936,103493,40-44,F,11,2338,0,0.0,0,0
708574,916,103973,30-34,F,76,7720,1,1.82,1,0
708575,1178,104225,35-39,F,31,16305,4,7.17,0,0
708576,1178,103753,30-34,M,53,12305,5,4.33,2,1
708577,916,104295,30-34,M,65,3519,0,0.0,0,0
708577,916,103653,35-39,F,73,5280,0,0.0,0,0
708578,936,104233,30-34,F,101,7173,0,0.0,0,0
708578,936,103206,30-34,M,45,1112,0,0.0,0,0
708579,1178,104100,40-44,M,4,17781,4,10.19,1,0
708579,936,104224,30-34,M,7,27581,3,5.3,0,0
708581,936,104021,40-44,M,74,25990,4,5.01,1,0
708583,936,103667,30-34,M,82,7005,1,1.3,0,0
708583,1178,103956,30-34,M,73,1546,0,0.0,0,0
708585,1178,104362,40-44,M,77,28483,9,22.14,0,0
708588,916,104031,45-49,M,114,10410,1,2.72,0,0
708590,916,103523,30-34,F,72,18332,2,2.49,0,0
708591,1178,103716,30-34,F,75,6794,3,2.48,1,0
708593,1178,104042,40-44,F,63,16573,6,15.94,3,1
708595,1178,104040,45-49,F,23,12068,1,3.07,0,0
708595,1178,103895,30-34,M,82,3862,1,1.62,1,0
708595,916,103403,40-44,F,38,1072,0,0.0,0,0
708598,916,104271,45-49,M,95,13147,1,2.11,0,0
708599,916,104072,30-34,F,43,5089,0,0.0,0,0
708600,936,103799,30-34,F,66,8551,1,1.97,1,0
708600,1178,104016,30-34,M,83,395789,61,81.2,23,11
708601,936,103547,35-39,M,23,6134,1,2.43,1,0
708601,1178,103517,30-34,F,114,21840,3,5.43,3,1
708601,1178,103539,30-34,M,71,29490,3,4.24,1,0
708602,936,103832,40-44,F,113,144243,36,42.6,3,1
708603,916,103811,45-49,F,26,3334,0,0.0,0,0
708605,1178,103764,30-34,F,3,2832,1,1.1,0,0
708606,916,103832,45-49,F,5,40810,6,10.81,0,0
708606,916,103368,45-49,M,30,5136,0,0.0,0,0
708607,936,104149,30-34,F,21,1862,0,0.0,0,0
708609,1178,103363,35-39,F,102,733,0,0.0,0,0
708612,916,104131,45-49,F,26,1251,0,0.0,0,0
708612,916,103721,35-39,F,14,610,0,0.0,0,0
708614,916,104179,35-39,F,111,4122,1,1.46,0,0
708616,916,103903,35-39,M,114,29443,9,15.34,0,0
708617,936,103871,35-39,F,82,1958,0,0.0,0,0
708617,916,103699,35-39,F,112,2011,0,0.0,0,0
708618,916,103681,30-34,M,25,2119,0,0.0,0,0
708618,1178,103618,30-34,M,113,61027,19,33.39,4,2
708618,916,103294,30-34,F,76,12805,1,1.27,1,0
708619,1178,104156,30-34,M,26,20263,7,11.87,0,0
708619,936,103585,45-49,M,54,1059,0,0.0,0,0
708619,916,104251,30-34,F,70,28768,4,4.62,0,0
708619,916,103484,35-39,F,99,9774,2,3.44,0,0
708619,1178,103302,30-34,F,82,7332,2,3.26,2,1
708620,916,103991,45-49,F,13,24114,4,5.6,0,0
708620,916,104297,35-39,M,18,1160,0,0.0,0,0
708622,1178,104272,30-34,M,93,69574,5,5.3,1,0
708623,916,103326,45-49,F,17,1507,0,0.0,0,0
708623,916,104255,40-44,M,35,11568,1,1.65,0,0
708623,916,103780,45-49,F,2,2373,0,0.0,0,0
708624,936,104545,45-49,M,38,8024,1,2.92,0,0
708625,916,104111,35-39,M,83,28212,3,4.47,0,0
708625,916,103981,45-49,F,94,1572,1,2.4,0,0
708626,936,103680,45-49,M,108,3923,0,0.0,0,0
708629,936,104011,40-44,F,52,29434,5,12.98,0,0
708630,936,103722,30-34,M,94,9985,3,3.66,0,0
708631,1178,103626,35-39,M,34,218739,42,50.96,8,3
708632,1178,103828,45-49,F,84,6847,0,0.0,0,0
708633,1178,103808,30-34,M,58,7884,4,5.63,1,0
708633,1178,103839,30-34,F,100,5017,2,3.91,0,0
708635,936,104086,45-49,M,24,14729,2,5.86,1,0
708635,916,103357,45-49,F,109,29498,2,4.25,0,0
708635,916,103567,45-49,M,91,6008,0,0.0,0,0
708635,1178,103965,45-49,M,8,6766,0,0.0,0,0
708636,1178,104063,30-34,M,65,7291,1,1.06,0,0
708636,936,103455,30-34,F,80,3849,3,2.68,0,0
708637,1178,104172,45-49,M,98,5258,3,9.05,2,1
708637,916,103585,40-44,M,62,3510,0,0.0,0,0
708639,1178,103495,40-44,M,79,21569,9,11.49,1,0
708640,1178,103601,40-44,M,87,26663,16,29.58,4,1
708640,916,103333,35-39,F,113,6273,0,0.0,0,0
708641,1178,103885,30-34,M,100,191192,54,80.9,13,4
708643,916,104492,30-34,M,48,1995,1,1.12,0,0
708644,1178,104358,30-34,M,106,7086,0,0.0,0,0
708645,916,103491,40-44,F,67,10124,1,2.79,0,0
708645,1178,104375,40-44,F,76,7643,4,4.76,0,0
708646,1178,103615,30-34,M,82,7258,3,2.74,1,0
708647,936,104113,40-44,M,99,294,0,0.0,0,0
708647,916,104589,40-44,M,9,1476,0,0.0,0,0
708648,1178,103867,45-49,M,9,50898,23,48.36,8,3
708649,1178,103923,30-34,F,104,4820,0,0.0,0,0
708651,1178,103490,30-34,M,82,147379,44,56.52,13,5
708652,936,103593,35-39,M,8,150346,26,28.05,1,0
708652,1178,104337,45-49,F,28,55536,17,55.24,4,2
708654,1178,104218,35-39,F,26,13642,2,3.3,0,0
708655,1178,103596,30-34,M,50,3010,1,1.38,1,0
708656,936,104101,30-34,M,97,242,0,0.0,0,0
708656,936,103767,45-49,M,64,5882,2,4.25,0,0
708656,916,104111,30-34,M,17,7214,0,0.0,0,0
708657,1178,104146,35-39,F,93,7487,0,0.0,0,0
708657,936,103567,35-39,F,52,6818,2,2.01,1,0
708657,916,104086,35-39,M,17,2766,0,0.0,0,0
708658,1178,103376,35-39,F,57,25146,4,9.0,0,0
708658,936,104419,30-34,M,34,2512,0,0.0,0,0
708658,916,104219,30-34,F,79,6522,0,0.0,0,0
708659,1178,103944,30-34,M,42,9894,2,2.08,1,0
708662,916,104175,30-34,M,32,1234,0,0.0,0,0
708662,1178,103598,45-49,M,25,2892,0,0.0,0,0
708662,916,103296,45-49,M,81,1927,0,0.0,0,0
708664,1178,103625,30-34,M,81,58822,7,8.08,4,1
708665,1178,104222,45-49,F,55,54936,12,16.93,7,4
708666,916,104100,30-34,F,96,19937,2,2.15,0,0
708666,916,103978,30-34,M,106,5789,4,3.71,0,0
708666,936,104611,35-39,M,56,13602,1,2.08,0,0
708667,916,104484,30-34,F,111,13201,0,0.0,0,0
708668,916,103982,30-34,M,99,35183,10,17.39,1,0
708670,1178,103424,40-44,F,9,11475,1,1.6,0,0
708670,936,103578,30-34,F,8,1553,0,0.0,0,0
708672,916,103834,40-44,M,17,589,0,0.0,0,0
708674,916,104337,45-49,M,38,7071,0,0.0,0,0
708677,1178,104601,40-44,M,39,25369,4,11.23,0,0
708678,936,104346,45-49,F,97,4283,0,0.0,0,0
708680,936,104165,40-44,M,114,640,0,0.0,0,0
708681,1178,104007,30-34,M,102,4460,0,0.0,0,0
708682,1178,103525,40-44,F,48,7363,3,5.19,0,0
708682,1178,104258,45-49,F,93,27866,7,18.53,1,0
708683,916,103807,40-44,M,74,7919,4,6.41,0,0
708683,916,103518,40-44,F,40,29024,9,24.83,0,0
708684,1178,103736,30-34,F,22,40025,12,9.28,9,6
708684,1178,103824,45-49,M,22,8701,3,9.22,1,0
708684,916,104220,30-34,F,96,2233,0,0.0,0,0
708684,916,104476,40-44,F,98,2995,0,0.0,0,0
708684,1178,104009,35-39,M,89,19576,9,19.4,4,2
708685,916,104550,45-49,F,67,4768,0,0.0,0,0
708686,1178,104248,45-49,M,13,3564,0,0.0,0,0
708688,916,104066,40-44,M,29,6234,0,0.0,0,0
708688,936,103990,30-34,F,63,766,0,0.0,0,0
708689,916,103898,45-49,M,84,3038,0,0.0,0,0
708689,936,104032,45-49,M,89,6690,3,9.68,0,0
708690,1178,104334,45-49,F,69,12544,1,3.21,0,0
708693,1178,104570,30-34,F,55,8971,3,3.5,0,0
708693,1178,104399,30-34,F,107,51435,18,19.72,7,4
708694,1178,103636,30-34,M,23,30800,1,1.56,0,0
708695,916,103865,45-49,M,107,1667,0,0.0,0,0
708698,916,103690,35-39,F,101,3226,0,0.0,0,0
708698,1178,104243,45-49,M,30,5103,1,1.95,1,0
708698,1178,104097,30-34,M,55,12200,1,0.9,0,0
708700,1178,104385,35-39,M,84,26089,7,7.97,2,1
708701,936,103790,35-39,F,84,37726,2,2.23,1,0
708701,916,104282,30-34,M,16,3712,0,0.0,0,0
708709,1178,103683,45-49,F,82,58185,15,39.29,2,1
708709,1178,104068,30-34,F,91,25310,8,8.02,2,1
708711,936,104079,45-49,M,7,27407,3,7.41,0,0
708715,1178,103786,30-34,F,26,64221,11,13.53,6,2
708718,936,104239,30-34,F,72,4781,2,2.78,1,0
708718,916,103250,45-49,F,31,3796,0,0.0,0,0
708719,1178,103742,40-44,F,87,4357,1,2.63,0,0
708719,916,104034,30-34,F,39,897,0,0.0,0,0
708720,916,104250,30-34,M,68,219,1,1.3,0,0
708722,1178,103387,30-34,M,44,55039,12,12.59,4,3
708723,1178,104350,35-39,M,30,10353,1,2.27,1,0
708723,936,103531,45-49,F,107,27728,8,23.66,1,0
708725,936,103376,40-44,F,62,2999,0,0.0,0,0
708726,936,103935,35-39,M,53,24703,4,6.93,0,0
708727,1178,104102,30-34,M,87,16751,5,6.52,0,0
708727,936,103865,45-49,M,104,15123,1,2.57,0,0
708728,916,104064,40-44,F,81,4098,2,2.51,0,0
708729,936,103964,30-34,F,22,18861,10,8.12,2,1
708730,916,104303,30-34,M,61,623,0,0.0,0,0
708730,936,103473,40-44,F,19,7320,1,3.03,0,0
708730,1178,104215,30-34,F,77,1586,0,0.0,0,0
708732,916,103876,35-39,F,80,10849,2,3.32,1,0
708733,936,104175,45-49,F,13,8710,0,0.0,0,0
708734,936,104102,30-34,M,111,8756,0,0.0,0,0
708734,1178,103849,45-49,M,37,30210,10,22.43,0,0
708736,916,104076,35-39,M,36,1034,0,0.0,0,0
708736,936,103785,30-34,M,81,11102,1,1.07,0,0
708738,916,104206,30-34,M,90,4236,1,1.21,0,0
708741,916,104252,35-39,M,64,1509,0,0.0,0,0
708742,916,104039,40-44,M,9,15441,0,0.0,0,0
708745,936,103934,40-44,F,98,12423,3,7.06,0,0
708746,1178,104709,35-39,F,18,42561,27,32.4,4,2
708747,936,104275,30-34,F,39,34370,6,7.54,2,0
708749,936,103988,30-34,F,7,6746,2,3.08,1,0
708751,1178,104255,45-49,F,55,5477,2,6.15,0,0
708754,1178,103817,45-49,F,20,15923,4,6.14,1,0
708758,936,103828,40-44,F,82,1634,1,2.46,0,0
708758,1178,104523,30-34,M,14,27361,13,17.11,2,0
708759,936,104268,30-34,F,62,3859,0,0.0,0,0
708760,916,103794,40-44,F,9,736,0,0.0,0,0
708761,1178,103970,40-44,F,27,9233,4,9.91,1,0
708761,916,103493,30-34,F,40,8666,3,4.79,0,0
708761,916,103771,30-34,F,33,3120,0,0.0,0,0
708763,936,104059,35-39,M,68,12722,2,2.03,1,0
708763,1178,103539,40-44,F,50,6981,1,2.36,0,0
708763,1178,103684,35-39,M,34,718,0,0.0,0,0
708766,916,104087,30-34,M,6,2351,0,0.0,0,0
708767,1178,104076,35-39,F,89,29216,8,15.72,3,1
708767,916,103808,30-34,M,46,5436,1,1.2,0,0
708768,916,104217,40-44,M,41,1758,0,0.0,0,0
708768,936,103633,30-34,F,105,1980,0,0.0,0,0
708768,916,103843,35-39,M,104,1033,0,0.0,0,0
708770,1178,103505,45-49,F,56,2975,2,5.51,0,0
708771,1178,103934,30-34,F,34,38741,10,10.91,1,0
708771,1178,104169,45-49,M,21,30047,7,11.93,1,0
708771,1178,103550,30-34,F,97,13785,9,13.28,2,1
708771,916,103343,30-34,F,89,8520,3,4.12,0,0
708773,936,103717,35-39,F,39,76347,14,27.36,1,0
708775,1178,103690,30-34,F,13,42540,6,5.47,3,1
708776,936,103601,35-39,F,102,1323,1,1.71,0,0
708776,1178,103910,45-49,M,87,8930,6,14.18,2,0
708777,1178,103588,30-34,F,29,40999,18,21.21,7,5
708777,936,103500,30-34,M,63,34472,4,7.02,0,0
708782,1178,104061,45-49,M,16,12356,5,14.54,0,0
708783,916,104047,45-49,M,79,3376,0,0.0,0,0
708784,1178,103712,45-49,M,109,16302,7,15.06,2,1
708786,1178,103636,45-49,M,93,121168,38,120.64,15,4
708786,1178,103535,30-34,M,102,2700,0,0.0,0,0
708787,916,104273,45-49,F,74,516,0,0.0,0,0
708788,936,104551,30-34,F,57,5289,0,0.0,0,0
708791,916,103434,35-39,F,31,5331,1,0.95,0,0
708796,1178,103886,45-49,F,104,5118,0,0.0,0,0
708798,936,104049,35-39,M,94,14384,3,5.46,0,0
708800,1178,104002,30-34,M,55,80151,9,14.25,2,0
708802,916,103375,30-34,F,43,18746,3,2.92,0,0
708804,916,103791,30-34,F,96,22401,4,4.26,0,0
708806,916,103892,30-34,F,33,5819,1,1.12,1,0
708808,1178,104298,30-34,F,110,5668,2,3.72,0,0
708808,936,103781,45-49,F,7,11196,0,0.0,0,0
708808,916,104040,40-44,F,41,6418,2,3.16,0,0
708809,1178,103631,30-34,M,47,1031,0,0.0,0,0
708811,1178,103631,40-44,F,21,2707,0,0.0,0,0
708812,916,103719,30-34,M,11,2495,1,1.38,0,0
708812,1178,104388,45-49,M,10,20238,11,25.83,2,1
708813,1178,103939,30-34,F,17,56416,15,15.07,1,0
708814,936,104014,30-34,F,30,4599,1,1.73,0,0
708815,1178,103646,30-34,M,40,1855,0,0.0,0,0
708815,936,103648,45-49,F,34,3898,0,0.0,0,0
708815,936,104739,30-34,F,35,28827,8,9.12,0,0
708815,1178,104382,35-39,F,19,18045,1,1.75,0,0
708816,916,104210,30-34,F,106,15397,4,4.14,0,0
708816,1178,104020,45-49,M,114,27259,14,22.92,8,6
708816,1178,103973,45-49,F,60,72756,23,60.9,4,1
708817,1178,104064,45-49,F,19,23845,1,2.58,0,0
708818,1178,103955,40-44,F,27,10239,2,3.22,1,0
708819,916,103639,40-44,F,74,4064,0,0.0,0,0
708820,1178,103699,35-39,M,74,8454,2,2.68,0,0
708820,916,104296,35-39,F,52,30862,4,8.78,0,0
708822,916,104164,30-34,F,16,5760,0,0.0,0,0
708824,916,104189,40-44,M,7,1916,0,0.0,0,0
708825,1178,103970,30-34,M,67,22808,12,10.85,3,1
708826,936,104137,35-39,M,49,3112,1,2.26,0,0
708827,1178,103481,35-39,M,11,75206,22,39.56,2,0
708827,1178,104303,40-44,M,25,3804,2,4.01,0,0
708828,936,104281,30-34,F,86,4076,0,0.0,0,0
708828,916,104422,35-39,M,69,4291,0,0.0,0,0
708829,936,103858,30-34,M,81,104694,25,25.97,1,0
708830,1178,104351,30-34,F,91,4727,1,1.26,0,0
708830,916,104508,30-34,M,100,2773,0,0.0,0,0
708832,1178,104158,35-39,M,97,12819,3,5.78,2,1
708833,916,104363,30-34,F,25,10799,4,6.4,2,1
708833,916,103671,40-44,F,19,260,0,0.0,0,0
708834,1178,104059,30-34,F,97,4068,2,3.57,0,0
708836,936,103611,45-49,F,83,2507,0,0.0,0,0
708837,1178,104168,40-44,M,45,46793,14,22.25,3,1
708837,916,103709,40-44,M,91,2984,0,0.0,0,0
708838,916,103909,40-44,F,102,1437,0,0.0,0,0
708839,916,104277,40-44,M,113,100,0,0.0,0,0
708840,936,103932,30-34,M,93,2985,0,0.0,0,0
708840,1178,104154,30-34,F,38,7118,2,1.74,2,1
708841,916,104147,45-49,F,108,6937,1,3.35,0,0
708841,1178,103820,35-39,F,15,106986,24,52.26,4,2
708842,1178,104812,35-39,F,42,14197,1,1.24,1,0
708842,936,103660,35-39,M,89,10202,2,2.67,0,0
708842,916,103555,30-34,M,42,15035,1,1.64,0,0
708846,936,103708,40-44,F,102,13831,2,3.24,0,0
708846,1178,104477,30-34,F,46,47740,20,27.77,8,2
708846,916,103919,30-34,M,18,19110,3,3.99,0,0
708849,916,104579,35-39,M,89,9713,0,0.0,0,0
708850,1178,104401,35-39,M,9,27546,8,8.86,1,0
708853,1178,103601,35-39,F,13,14888,4,6.0,0,0
708853,1178,104049,45-49,F,95,17625,3,4.36,0,0
708853,916,103567,40-44,M,90,33629,8,9.44,0,0
708854,916,104232,35-39,F,94,19362,2,2.95,0,0
708855,916,103970,30-34,F,7,48979,11,18.67,0,0
708855,936,104461,40-44,M,82,5862,0,0.0,0,0
708856,1178,104635,45-49,F,101,47857,19,55.66,3,2
708857,1178,104235,45-49,F,56,78323,13,25.1,0,0
708859,936,104380,35-39,F,112,25994,4,8.83,2,1
708859,936,103822,30-34,F,103,2539,0,0.0,0,0
708860,916,104483,30-34,M,106,1526,1,1.42,1,0
708860,916,104610,35-39,F,57,25548,4,4.51,0,0
708863,1178,104268,30-34,M,64,17209,10,8.57,2,0
708864,936,103579,40-44,F,100,6349,3,8.08,0,0
708864,1178,103867,30-34,M,84,78585,25,27.13,5,3
708864,936,104210,45-49,M,105,3332,0,0.0,0,0
708865,1178,103755,45-49,M,49,26563,15,40.17,2,0
708865,916,104604,40-44,M,53,7178,2,3.33,1,0
708866,936,104540,30-34,F,82,2826,2,3.65,1,0
708868,1178,104278,40-44,F,104,2654,0,0.0,0,0
708869,1178,103915,45-49,F,85,30843,8,20.24,1,0
708870,936,104097,30-34,M,20,21566,1,1.97,0,0
708870,1178,104098,35-39,F,55,45837,13,14.32,3,2
708872,1178,103872,30-34,M,5,30490,7,6.55,2,0
708873,916,104787,45-49,M,46,4451,4,11.9,0,0
708874,1178,104314,30-34,F,3,20182,5,6.77,0,0
708876,936,104060,30-34,M,8,6706,1,1.65,1,0
708876,936,104326,35-39,F,81,11655,0,0.0,0,0
708876,936,104177,40-44,F,112,7334,0,0.0,0,0
708876,1178,104641,30-34,M,86,7093,5,8.74,1,0
708878,1178,103665,45-49,M,112,3483,2,4.77,0,0
708880,916,104221,30-34,M,87,9493,5,7.28,1,0
708883,936,104050,30-34,F,10,33982,3,3.12,1,0
708883,1178,103989,35-39,F,17,25737,8,18.28,1,0
708883,916,103834,40-44,F,43,42672,5,13.34,0,0
708884,936,104304,35-39,F,89,3077,1,2.26,0,0
708885,916,104015,40-44,M,4,3144,0,0.0,0,0
708888,1178,104154,30-34,M,104,22163,4,3.7,1,0
708888,1178,104397,30-34,F,72,5171,1,1.58,0,0
708888,936,103650,45-49,F,9,7622,1,3.29,0,0
708888,916,104434,40-44,F,39,2917,0,0.0,0,0
708891,1178,103941,30-34,M,31,1185,1,1.52,1,0
708892,1178,104355,45-49,M,50,130483,45,76.74,5,1
708892,1178,104685,45-49,M,39,52126,16,27.71,6,4
708895,1178,104414,35-39,F,48,2857,1,1.26,0,0
708896,936,104057,40-44,F,25,7240,1,2.93,0,0
708897,1178,104279,45-49,F,67,44362,11,33.0,0,0
708898,916,103976,30-34,F,31,17658,0,0.0,0,0
708898,936,103877,45-49,M,54,19048,1,2.59,0,0
708899,1178,104236,45-49,F,12,3029,1,2.64,0,0
708900,936,103810,40-44,F,44,8002,1,1.47,0,0
708900,916,104544,40-44,M,63,18868,2,2.82,0,0
708904,936,104262,45-49,M,61,6074,1,2.81,0,0
708907,1178,103794,30-34,F,75,4527,1,1.74,0,0
708908,1178,104158,45-49,F,88,4614,1,3.55,0,0
708908,936,104423,40-44,M,32,8859,1,1.98,0,0
708910,916,104511,40-44,M,69,17775,1,1.87,0,0
708910,916,103746,45-49,F,16,3129,0,0.0,0,0
708911,936,104622,40-44,F,107,985,0,0.0,0,0
708913,916,104551,40-44,M,105,380,0,0.0,0,0
708914,1178,103976,45-49,F,11,243047,54,149.04,10,7
708915,916,104089,35-39,M,64,2947,0,0.0,0,0
708915,916,104310,30-34,F,33,4661,0,0.0,0,0
708919,1178,103725,35-39,F,61,9247,4,4.79,2,0
708919,916,104507,30-34,F,88,8684,0,0.0,0,0
708920,916,103897,40-44,M,67,806,0,0.0,0,0
708923,1178,104373,30-34,M,72,1989,1,1.82,0,0
708924,1178,104323,40-44,F,82,11729,2,3.82,0,0
708924,1178,104218,30-34,M,61,14969,7,10.79,0,0
708926,936,104187,30-34,M,102,3249,0,0.0,0,0
708926,916,103753,30-34,F,99,5985,3,2.67,1,0
708928,916,104390,35-39,F,69,3152,0,0.0,0,0
708929,1178,104299,30-34,F,38,100032,25,28.63,7,4
708929,936,104306,45-49,F,19,23621,6,15.69,2,1
708929,1178,104293,30-34,M,105,14956,8,6.56,1,0
708930,916,104355,35-39,M,73,5997,0,0.0,0,0
708931,916,104063,40-44,F,63,8571,1,1.5,0,0
708932,936,104176,30-34,F,34,22518,2,2.79,1,0
708934,1178,104262,30-34,M,97,1928,0,0.0,0,0
708935,916,104456,30-34,M,82,18320,3,2.85,0,0
708936,936,103861,45-49,M,36,7206,2,4.05,1,0
708936,936,103989,35-39,F,77,1749,0,0.0,0,0
708937,916,104652,40-44,F,89,2562,0,0.0,0,0
708938,916,104723,45-49,M,36,73592,19,45.82,1,0
708939,1178,104128,30-34,F,37,49520,12,17.55,2,0
708939,916,103636,45-49,M,95,20257,3,5.73,0,0
708939,916,103691,30-34,M,18,16363,4,4.95,1,0
708940,916,104219,45-49,F,111,3802,1,2.57,0,0
708940,916,103598,30-34,M,103,727,0,0.0,0,0
708940,936,104318,30-34,M,49,20093,3,3.12,0,0
708942,916,103883,30-34,F,91,8022,3,5.02,0,0
708945,936,103804,40-44,M,39,13251,0,0.0,0,0
708946,936,104384,30-34,F,10,11742,0,0.0,0,0
708947,1178,103972,30-34,M,86,2347,1,2.12,0,0
708947,1178,104134,35-39,F,19,978,0,0.0,0,0
708948,1178,104490,45-49,F,45,16701,5,15.25,4,1
708949,936,104160,35-39,M,56,1769,2,3.28,0,0
708949,1178,104262,30-34,M,94,11651,3,4.36,1,0
708949,1178,104574,45-49,F,12,16259,8,17.32,0,0
708951,916,103630,35-39,M,102,30148,5,10.87,0,0
708953,916,104040,40-44,M,49,40886,6,12.39,0,0
708954,1178,103726,30-34,M,51,2369,0,0.0,0,0
708955,916,104218,45-49,F,4,2472,0,0.0,0,0
708955,916,104060,35-39,F,65,3184,0,0.0,0,0
708955,1178,104502,30-34,F,23,41404,8,9.03,3,1
708956,916,104518,35-39,F,85,4130,2,4.61,0,0
708957,936,104285,45-49,M,11,2254,0,0.0,0,0
708958,936,103713,45-49,F,87,15842,4,7.2,1,0
708959,1178,103980,35-39,M,35,19583,8,9.8,5,3
708959,1178,104155,30-34,M,34,3434,1,0.73,1,0
708961,1178,104371,30-34,M,106,2810,3,2.95,0,0
708961,1178,103766,35-39,F,71,11573,2,3.87,1,0
708962,936,104385,35-39,F,107,275,0,0.0,0,0
708964,916,104466,30-34,F,79,5556,0,0.0,0,0
708965,916,104384,45-49,M,44,1079,0,0.0,0,0
708966,1178,104071,45-49,F,24,13797,3,9.22,0,0
708966,916,104448,35-39,F,61,9576,2,4.67,0,0
708967,916,104590,40-44,F,39,4771,0,0.0,0,0
708968,1178,103824,45-49,F,91,14475,5,8.83,0,0
708968,1178,104007,30-34,M,67,2645,0,0.0,0,0
708970,1178,104372,40-44,F,100,5379,1,2.33,0,0
708971,916,104206,35-39,F,101,4310,0,0.0,0,0
708971,936,104238,30-34,F,114,3124,0,0.0,0,0
708972,936,104689,30-34,F,101,4914,2,3.16,0,0
708973,916,104766,45-49,M,64,951,0,0.0,0,0
708973,916,104672,45-49,M,44,1879,0,0.0,0,0
708973,936,103655,30-34,F,83,9348,1,1.23,0,0
708974,1178,103856,45-49,F,51,15664,4,7.9,0,0
708977,916,103700,30-34,F,35,650,0,0.0,0,0
708978,936,104115,30-34,F,51,94110,11,12.11,2,1
708978,916,103967,35-39,M,31,13752,0,0.0,0,0
708980,936,104347,40-44,F,89,13204,3,4.89,0,0
708980,916,104440,30-34,M,20,40987,3,3.58,0,0
708981,916,104585,30-34,M,91,1632,0,0.0,0,0
708982,916,104286,40-44,F,92,23478,6,10.4,1,0
708983,1178,104356,40-44,F,32,19820,5,12.52,1,0
708985,916,104512,30-34,F,69,20832,4,6.65,3,1
708987,1178,104809,35-39,M,10,1692,0,0.0,0,0
708989,936,103995,40-44,F,54,4001,1,2.16,0,0
708990,1178,104471,40-44,F,101,10585,5,9.28,1,0
708990,1178,103867,35-39,M,48,2179,0,0.0,0,0
708991,1178,104482,30-34,M,94,5982,2,3.43,0,0
708991,1178,104122,30-34,M,31,11786,0,0.0,0,0
708992,916,104485,35-39,M,33,12531,0,0.0,0,0
708994,1178,104350,45-49,M,92,8169,3,4.54,3,2
708995,1178,104032,45-49,F,10,3956,1,1.69,0,0
708995,1178,103760,40-44,M,50,6363,0,0.0,0,0
708996,1178,103967,30-34,M,49,25344,6,9.1,2,0
708996,916,103998,40-44,M,10,18789,1,1.49,0,0
708997,916,104131,35-39,F,6,10760,1,2.33,0,0
708998,1178,104820,40-44,M,109,2508,0,0.0,0,0
708999,936,103881,45-49,M,30,880,0,0.0,0,0
708999,916,104505,45-49,M,47,18012,2,3.08,0,0
709003,1178,104687,30-34,F,9,6678,0,0.0,0,0
709004,916,104757,40-44,F,94,2073,0,0.0,0,0
709004,1178,104208,45-49,M,31,10610,4,12.96,0,0
709005,1178,104390,30-34,M,76,33785,9,12.01,1,0
709005,1178,104701,45-49,F,83,23188,9,28.93,1,0
709006,916,104326,40-44,F,49,2912,0,0.0,0,0
709006,936,104291,45-49,F,37,405,0,0.0,0,0
709008,936,104166,35-39,F,54,23215,4,4.31,0,0
709008,916,104077,35-39,F,94,5324,1,1.66,0,0
709009,936,103996,40-44,M,96,4458,0,0.0,0,0
709010,1178,104000,35-39,M,109,9652,4,8.14,0,0
709012,916,104713,30-34,F,33,8000,1,0.85,0,0
709013,916,104712,30-34,M,58,8660,1,1.19,0,0
709013,936,103781,30-34,M,71,10985,1,1.94,0,0
709014,1178,104531,30-34,F,32,31798,5,5.16,1,0
709014,1178,104012,35-39,M,82,9635,2,3.23,0,0
709016,1178,104718,30-34,M,36,88393,30,38.87,12,7
709016,916,104579,30-34,M,34,10884,1,1.27,0,0
709017,936,104527,30-34,F,42,3874,0,0.0,0,0
709021,936,104408,35-39,M,12,961,0,0.0,0,0
709021,1178,104415,45-49,M,99,13637,2,4.53,2,0
709021,1178,103933,40-44,F,5,18030,7,16.51,1,0
709021,916,103831,40-44,F,29,3906,1,2.3,0,0
709024,1178,103775,35-39,M,70,33357,7,13.23,0,0
709024,1178,104212,45-49,M,63,7181,0,0.0,0,0
709025,936,103857,40-44,F,66,665,0,0.0,0,0
709026,1178,103625,30-34,F,54,10285,1,1.09,0,0
709029,916,104134,40-44,M,63,43829,14,35.54,2,1
709030,936,104319,30-34,F,36,154342,13,18.96,0,0
709030,916,104392,30-34,M,32,2473,0,0.0,0,0
709031,936,104213,30-34,M,69,2216,0,0.0,0,0
709032,916,104939,40-44,M,68,8613,0,0.0,0,0
709034,916,104369,30-34,M,91,5448,1,1.28,0,0
709035,936,103935,45-49,F,42,50627,5,9.51,0,0
709038,936,103738,30-34,F,73,2418,0,0.0,0,0
709039,1178,104189,35-39,M,39,13019,3,3.73,0,0
709039,1178,104169,35-39,M,51,4928,0,0.0,0,0
709042,1178,103955,30-34,F,10,19452,9,7.79,1,0
709043,916,103998,40-44,F,110,16488,2,2.88,0,0
709045,916,103843,45-49,M,99,13287,1,3.43,0,0
709046,1178,104654,45-49,M,84,11519,1,2.72,0,0
709047,916,104027,35-39,F,89,59279,12,14.1,1,0
709049,916,104263,35-39,F,103,409,0,0.0,0,0
709051,916,104275,30-34,F,94,539,0,0.0,0,0
709052,1178,104079,30-34,F,7,31310,0,0.0,0,0
709052,936,104755,30-34,M,113,8593,4,3.47,0,0
709053,916,104820,30-34,F,7,2122,0,0.0,0,0
709053,1178,104506,30-34,M,30,10759,2,1.63,2,0
709053,916,104014,30-34,F,18,961,0,0.0,0,0
709054,1178,104393,35-39,F,101,2282,0,0.0,0,0
709054,1178,104732,30-34,F,58,13697,1,1.63,0,0
709054,1178,103737,45-49,F,17,37528,9,21.0,1,0
709054,936,104480,40-44,M,24,1556,0,0.0,0,0
709054,1178,104751,30-34,M,91,1796,0,0.0,0,0
709056,916,104501,30-34,M,80,1668,0,0.0,0,0
709057,1178,103634,35-39,M,44,25392,9,12.26,1,0
709058,1178,103804,30-34,M,49,60952,17,29.26,6,2
709059,936,103668,40-44,M,89,5591,1,1.91,0,0
709059,1178,104076,40-44,F,14,23582,10,11.36,1,0
709060,1178,104039,30-34,F,30,302431,65,49.29,10,3
709061,1178,104234,40-44,M,8,8133,0,0.0,0,0
709062,1178,104049,40-44,M,69,30945,2,2.67,0,0
709062,1178,104057,45-49,M,69,49540,19,47.84,4,2
709064,1178,103864,45-49,M,63,13357,2,3.79,0,0
709065,1178,104822,45-49,M,52,6684,1,1.99,0,0
709065,1178,104947,35-39,F,42,17648,9,10.78,4,1
709066,1178,103782,30-34,M,48,3174,0,0.0,0,0
709066,936,104675,35-39,F,113,7852,1,2.23,0,0
709067,1178,104409,40-44,F,22,130183,34,92.19,16,11
709070,1178,104156,30-34,F,30,25606,2,1.9,1,0
709070,916,104431,40-44,M,110,1300,0,0.0,0,0
709070,916,104187,40-44,F,27,422,0,0.0,0,0
709072,916,103851,30-34,F,108,8464,0,0.0,0,0
709073,1178,104521,40-44,F,6,35295,12,17.83,3,1
709073,916,104647,40-44,M,42,1417,0,0.0,0,0
709074,936,104003,30-34,M,69,952,0,0.0,0,0
709077,916,104085,35-39,M,36,2827,1,1.8,0,0
709077,1178,104370,45-49,M,6,7527,3,8.72,1,0
709080,1178,103990,45-49,M,113,275836,139,359.35,36,21
709082,916,104133,45-49,F,79,1103,0,0.0,0,0
709084,1178,104402,30-34,M,77,19976,8,12.63,3,1
709084,1178,104649,45-49,M,102,10996,3,8.39,0,0
709085,916,104669,40-44,F,49,3006,0,0.0,0,0
709085,916,104486,35-39,F,40,13418,1,1.09,0,0
709085,916,104562,35-39,M,101,3331,1,1.78,0,0
709085,1178,104103,35-39,F,34,59561,25,39.44,4,2
709086,1178,104715,30-34,F,96,160870,19,20.48,7,2
709086,936,104668,30-34,F,58,83049,17,12.7,8,3
709087,1178,104426,35-39,M,84,41513,19,41.19,6,3
709088,1178,104563,30-34,M,9,18547,5,4.44,1,0
709088,916,104323,40-44,F,113,35215,8,13.88,1,0
709090,1178,104969,35-39,F,47,5171,1,2.33,0,0
709091,916,104680,40-44,F,74,2550,1,2.26,0,0
709093,936,104703,30-34,M,14,17816,7,11.75,4,2
709094,916,104512,30-34,M,86,2845,2,1.77,0,0
709096,1178,103991,45-49,F,111,19193,3,8.3,0,0
709097,936,103819,40-44,F,48,427,0,0.0,0,0
709097,1178,104609,45-49,M,86,19304,4,9.82,0,0
709100,1178,104823,30-34,F,26,26606,4,6.84,1,0
709100,936,104396,45-49,F,86,5552,1,3.04,0,0
709101,936,103814,35-39,M,40,5114,0,0.0,0,0
709102,936,104701,30-34,F,75,76726,17,19.19,0,0
709104,916,104508,30-34,M,57,4799,1,1.25,0,0
709106,916,104455,35-39,F,113,3717,0,0.0,0,0
709107,1178,105028,30-34,M,41,13654,2,1.79,1,0
709108,936,104269,40-44,F,76,1919,0,0.0,0,0
709109,916,104330,35-39,M,23,8511,4,6.73,0,0
709110,936,104337,30-34,F,42,4475,0,0.0,0,0
709112,1178,104625,30-34,F,30,58147,16,19.94,4,2
709112,916,104285,35-39,M,112,20900,8,13.28,1,0
709115,916,103884,30-34,M,27,17769,0,0.0,0,0
709115,1178,104129,30-34,M,35,197363,85,71.01,48,19
709116,936,104214,35-39,F,79,8726,0,0.0,0,0
709117,1178,104759,35-39,M,89,53204,21,34.69,5,1
709119,1178,104707,35-39,F,89,147921,19,26.09,3,2
709119,1178,104180,30-34,M,97,29723,16,23.44,9,5
709121,936,104154,40-44,M,61,42344,7,12.87,0,0
709121,1178,104346,45-49,F,58,32792,15,28.43,0,0
709123,916,104681,35-39,M,105,24667,3,3.71,0,0
709123,916,104134,30-34,F,75,693,0,0.0,0,0
709124,916,104752,40-44,F,18,6383,0,0.0,0,0
709124,916,104614,35-39,F,96,35957,2,2.24,0,0
709126,916,104899,45-49,F,106,3078,0,0.0,0,0
709126,1178,104479,35-39,M,107,5913,3,6.75,2,0
709127,936,103930,45-49,M,90,11963,2,5.05,0,0
709128,936,104421,40-44,M,50,21090,11,22.0,0,0
709128,916,104862,35-39,M,86,13052,1,2.23,0,0
709129,936,104822,35-39,M,41,2661,0,0.0,0,0
709130,1178,104573,35-39,F,80,9050,5,11.48,0,0
709130,936,104233,45-49,F,30,3181,0,0.0,0,0
709131,1178,104539,30-34,F,8,19240,4,3.49,3,1
709131,916,104030,30-34,F,58,1907,0,0.0,0,0
709132,1178,104157,30-34,F,73,31006,11,14.2,1,0
709132,916,104790,45-49,M,40,3307,1,1.71,0,0
709132,936,104090,30-34,M,101,6305,1,1.34,0,0
709135,1178,103847,30-34,F,92,79555,23,33.23,12,5
709135,936,104770,30-34,M,4,7897,2,2.69,0,0
709136,916,104531,30-34,M,48,5569,2,2.92,0,0
709136,936,104511,30-34,M,57,25818,3,2.36,0,0
709136,936,104737,35-39,F,56,6475,1,2.02,0,0
709137,1178,104594,45-49,M,110,84775,30,45.56,3,1
709137,1178,103908,35-39,M,15,261833,109,217.92,15,6
709137,1178,104862,45-49,F,111,29210,3,8.16,0,0
709138,936,104260,45-49,M,43,11832,2,6.52,0,0
709138,916,104412,35-39,F,64,6342,0,0.0,0,0
709140,916,103953,40-44,M,77,4933,0,0.0,0,0
709141,936,104404,40-44,M,47,4385,1,1.93,0,0
709142,936,103875,40-44,F,16,34438,6,14.24,0,0
709142,1178,104591,45-49,M,5,46332,16,35.41,2,0
709142,916,104818,45-49,F,73,1530,0,0.0,0,0
709142,916,104789,30-34,M,58,14758,6,8.86,0,0
709142,916,104108,30-34,M,68,3738,0,0.0,0,0
709144,1178,104313,30-34,F,48,25559,10,8.82,5,1
709144,1178,104264,40-44,F,91,4623,3,7.76,1,0
709144,916,104290,45-49,M,17,4273,1,2.33,0,0
709145,916,103806,40-44,M,58,8601,0,0.0,0,0
709145,936,104717,40-44,M,96,63001,6,13.41,1,0
709145,1178,104529,30-34,M,89,8693,3,2.82,2,1
709145,936,104237,30-34,M,31,14703,1,2.18,1,0
709146,916,104219,40-44,F,66,4652,0,0.0,0,0
709147,1178,103960,45-49,M,34,20049,7,19.17,0,0
709147,936,104075,30-34,F,58,3281,1,1.68,0,0
709151,916,104593,40-44,F,39,3777,0,0.0,0,0
709152,916,103796,45-49,M,79,33105,9,21.11,2,1
709153,1178,104549,30-34,M,98,7393,0,0.0,0,0
709153,1178,103964,35-39,F,37,8684,2,2.12,0,0
709153,916,104681,45-49,F,65,6605,2,4.84,0,0
709153,916,104493,45-49,F,88,8626,3,5.25,0,0
709154,1178,104389,35-39,M,7,3170,3,4.64,0,0
709155,916,104431,30-34,F,114,7492,1,1.75,1,0
709155,936,104588,35-39,F,68,6390,1,1.95,0,0
709156,916,104489,40-44,F,80,530,0,0.0,0,0
709156,936,103962,40-44,F,10,13865,3,5.85,1,0
709157,1178,103955,30-34,M,3,19573,0,0.0,0,0
709157,1178,104603,30-34,F,48,59939,21,17.8,8,3
709159,1178,104651,45-49,M,35,35735,11,16.22,1,0
709160,1178,104341,35-39,M,95,44261,15,28.44,7,3
709161,1178,104612,40-44,F,45,521,1,1.53,1,0
709163,1178,104150,45-49,M,112,34903,13,30.56,2,1
709166,1178,103814,35-39,F,106,6054,3,6.45,3,1
709166,1178,104761,45-49,F,106,8472,8,15.72,1,0
709167,1178,104446,45-49,F,50,63029,14,31.45,1,0
709167,1178,104355,45-49,M,75,26813,8,16.68,1,0
709168,916,103980,35-39,M,98,1715,2,4.07,0,0
709171,916,104508,45-49,F,77,13479,0,0.0,0,0
709173,1178,104694,35-39,M,44,2083,2,4.61,0,0
709174,936,104398,45-49,M,23,23121,6,14.96,1,0
709176,916,104696,45-49,F,91,3028,0,0.0,0,0
709176,916,104314,35-39,F,87,46149,4,6.5,0,0
709178,1178,104333,35-39,F,53,38222,14,15.22,10,3
709179,1178,104102,45-49,F,53,8028,2,5.32,0,0
709180,936,104251,30-34,F,114,7900,3,4.73,0,0
709180,1178,104478,35-39,F,109,7036,3,3.63,2,0
709180,916,104314,30-34,F,102,6291,1,1.71,0,0
709182,916,104790,30-34,F,11,2258,0,0.0,0,0
709182,916,103919,45-49,F,103,7453,0,0.0,0,0
709183,936,104262,35-39,M,88,69815,18,21.79,1,0
709183,916,104520,30-34,M,9,14097,0,0.0,0,0
709185,936,104689,45-49,F,38,9925,3,4.87,0,0
709186,1178,103915,30-34,M,102,32212,9,15.7,0,0
709186,936,104163,45-49,M,33,3638,0,0.0,0,0
709186,916,104436,30-34,F,53,2829,1,1.98,0,0
709188,916,103759,35-39,M,91,5931,2,2.28,0,0
709189,1178,104198,40-44,F,5,8088,4,9.81,0,0
709189,916,104982,45-49,M,106,1304,0,0.0,0,0
709192,1178,104108,45-49,F,72,4308,0,0.0,0,0
709192,936,104624,40-44,F,76,50679,15,17.66,1,0
709193,916,104328,30-34,M,100,2649,0,0.0,0,0
709193,1178,104131,30-34,F,52,64422,21,22.17,9,4
709196,936,103972,40-44,F,60,13199,2,4.1,0,0
709198,1178,103920,45-49,F,15,81190,11,30.88,3,1
709199,936,104189,45-49,F,109,9536,0,0.0,0,0
709199,916,104879,45-49,M,102,23125,2,4.95,0,0
709200,1178,104526,45-49,F,64,50831,7,10.75,1,0
709203,1178,104778,45-49,F,88,2560,1,2.19,0,0
709204,916,104836,35-39,F,66,13354,3,3.46,0,0
709204,1178,104650,30-34,F,91,2356,1,0.99,0,0
709205,936,104507,45-49,M,82,2205,0,0.0,0,0
709205,936,104201,45-49,M,74,2184,0,0.0,0,0
709209,1178,104143,45-49,M,99,15476,3,7.32,1,0
709211,916,104441,35-39,F,20,3714,0,0.0,0,0
709212,1178,104335,30-34,M,15,1207,0,0.0,0,0
709213,1178,104826,30-34,M,108,4555,2,3.5,0,0
709214,936,104099,30-34,F,54,886,0,0.0,0,0
709216,916,104892,30-34,M,70,4589,0,0.0,0,0
709217,916,104315,45-49,F,37,4155,0,0.0,0,0
709217,916,104657,35-39,F,12,23790,5,8.65,0,0
709219,936,104272,45-49,F,66,20431,7,17.66,0,0
709220,916,104899,30-34,F,12,2255,1,1.59,0,0
709223,1178,104198,30-34,M,76,48122,12,14.15,8,5
709223,936,104359,35-39,F,29,9552,1,1.64,1,0
709224,916,104032,35-39,M,93,9862,4,5.84,0,0
709227,1178,103804,30-34,M,87,19952,4,4.49,1,0
709227,936,104692,45-49,M,23,6374,0,0.0,0,0
709228,916,104614,30-34,M,43,1607,0,0.0,0,0
709234,1178,104698,40-44,F,59,110507,15,26.48,3,2
709235,916,104317,45-49,M,78,6221,0,0.0,0,0
709236,1178,104401,40-44,M,36,194828,85,121.19,11,8
709237,1178,104180,40-44,F,91,996,0,0.0,0,0
709237,936,104037,35-39,F,25,6111,0,0.0,0,0
709241,1178,104756,45-49,M,73,71151,36,113.55,5,3
709244,916,104527,45-49,F,10,887,0,0.0,0,0
709246,916,104124,40-44,F,93,5057,0,0.0,0,0
709247,936,104728,45-49,M,100,9498,3,5.67,0,0
709247,916,104031,30-34,M,71,958,1,1.66,0,0
709248,936,104702,30-34,M,11,53213,10,12.71,1,0
709249,916,104837,45-49,M,57,2249,0,0.0,0,0
709250,936,103960,30-34,F,30,8460,0,0.0,0,0
709250,916,104205,35-39,F,64,401,0,0.0,0,0
709251,916,105072,45-49,F,100,16345,3,9.96,0,0
709251,916,103806,35-39,M,74,2584,0,0.0,0,0
709252,1178,105031,30-34,F,27,23357,4,3.41,0,0
709254,936,104500,35-39,M,84,16812,7,13.75,3,0
709256,916,104336,30-34,M,55,17148,3,2.76,0,0
709258,936,104892,45-49,M,106,8836,0,0.0,0,0
709260,916,104165,40-44,M,21,828,0,0.0,0,0
709264,1178,104977,30-34,F,51,47478,16,18.34,2,1
709264,916,104309,35-39,F,26,55993,7,11.05,2,0
709265,916,104620,45-49,M,114,106134,15,31.82,2,0
709265,1178,104832,40-44,F,113,26342,5,12.15,0,0
709269,1178,104287,30-34,F,26,67008,23,38.96,6,3
709270,1178,104244,30-34,M,88,21988,4,4.21,0,0
709271,1178,104354,30-34,M,86,3742,3,4.08,0,0
709276,916,104807,30-34,F,88,951,0,0.0,0,0
709278,1178,104722,40-44,F,79,2532,0,0.0,0,0
709278,916,104529,35-39,F,4,1430,0,0.0,0,0
709279,916,104783,35-39,F,100,26779,4,8.48,1,0
709279,936,104268,35-39,M,21,33941,5,10.31,0,0
709283,916,104226,40-44,M,67,7027,1,2.92,0,0
709286,1178,104876,35-39,M,43,21540,2,2.55,2,0
709287,916,104294,35-39,M,94,9085,3,5.43,0,0
709293,936,104828,40-44,F,100,17120,0,0.0,0,0
709296,1178,104049,30-34,F,60,2396,0,0.0,0,0
709297,936,104510,35-39,F,74,23961,8,8.09,0,0
709298,936,104482,30-34,M,93,12594,2,2.03,0,0
709300,1178,104248,30-34,M,47,10715,2,3.3,2,0
709301,916,104196,30-34,F,79,6309,0,0.0,0,0
709301,916,104488,40-44,F,90,4083,0,0.0,0,0
709301,936,104812,45-49,F,52,727,0,0.0,0,0
709303,936,104889,45-49,F,9,559,0,0.0,0,0
709305,916,104091,30-34,M,114,7639,1,1.69,0,0
709305,1178,104728,30-34,M,101,2789,1,1.95,0,0
709308,1178,104699,35-39,M,14,27317,14,27.37,2,1
709309,1178,105078,40-44,M,6,12010,7,13.54,3,1
709311,936,104618,30-34,M,69,1589,1,1.65,0,0
709311,1178,104721,30-34,M,66,41325,23,18.62,13,9
709312,1178,103914,45-49,M,68,7790,2,4.14,0,0
709315,1178,104304,30-34,F,101,22704,6,6.12,3,2
709315,1178,104728,45-49,M,36,6836,0,0.0,0,0
709317,936,104608,45-49,F,63,29351,8,25.73,1,0
709318,916,104222,30-34,M,48,843,0,0.0,0,0
709320,1178,104578,30-34,F,87,19068,10,14.72,2,1
709321,916,104600,30-34,F,19,27932,4,6.69,0,0
709324,916,104791,30-34,M,103,4138,0,0.0,0,0
709324,1178,104930,30-34,F,54,3695,0,0.0,0,0
709325,916,104749,45-49,F,56,7060,1,2.51,0,0
709327,916,104549,40-44,F,109,1786,0,0.0,0,0
709329,916,104141,45-49,M,28,3317,0,0.0,0,0
709330,1178,104789,30-34,F,38,2825,0,0.0,0,0
709331,1178,103996,45-49,F,14,10358,4,10.87,1,0
709331,916,104525,30-34,F,64,695,0,0.0,0,0
709331,1178,104516,40-44,M,108,30923,13,22.3,7,3
709334,1178,104137,45-49,F,34,21960,3,9.21,0,0
709336,1178,104368,45-49,F,46,18077,7,11.12,0,0
709338,916,104659,35-39,M,101,415,0,0.0,0,0
709341,916,104019,35-39,M,20,3884,1,1.62,0,0
709345,916,104690,30-34,M,29,5152,1,1.79,0,0
709349,1178,104518,30-34,M,90,65881,9,12.44,2,0
709351,916,104870,35-39,F,40,993,0,0.0,0,0
709355,916,104463,35-39,M,59,1222,0,0.0,0,0
709355,1178,104263,30-34,F,107,27249,12,11.74,5,3
709357,916,104016,40-44,F,87,5378,3,3.6,0,0
709357,936,104841,45-49,M,24,41062,6,18.42,2,1
709358,1178,104129,40-44,M,6,7853,1,2.57,0,0
709366,936,104916,40-44,F,70,5595,1,2.04,0,0
709367,1178,103902,35-39,F,49,34221,4,7.26,1,0
709368,1178,104778,40-44,F,78,15639,7,19.56,1,0
709373,936,105019,35-39,F,95,4594,2,2.66,0,0
709373,1178,104202,45-49,F,64,26731,10,14.72,3,2
709375,1178,104232,35-39,M,66,2814,3,5.63,1,0
709380,1178,104614,40-44,M,69,13730,5,6.12,0,0
709382,936,104503,30-34,M,40,30845,3,4.78,0,0
709383,936,104328,30-34,M,46,14211,1,0.87,0,0
709384,1178,104168,40-44,F,104,36191,17,31.32,1,0
709386,936,104960,30-34,M,106,2991,1,1.73,0,0
709386,936,104205,45-49,F,9,17586,1,1.96,0,0
709388,936,104669,40-44,M,84,4117,1,3.03,0,0
709394,916,104420,30-34,F,102,1122,0,0.0,0,0
709396,916,104709,30-34,M,6,85750,9,13.71,1,0
709398,1178,104864,35-39,M,112,57860,15,29.61,0,0
709399,1178,104396,30-34,M,112,5341,0,0.0,0,0
709403,916,104487,30-34,F,84,39025,14,22.18,0,0
709404,936,104408,30-34,M,79,4681,0,0.0,0,0
709406,1178,104560,40-44,M,45,3582,2,2.97,1,0
709406,916,104054,30-34,M,30,7475,2,3.29,0,0
709407,916,104033,40-44,F,8,40673,10,11.71,2,0
709408,936,104660,40-44,M,8,10484,5,12.19,0,0
709412,916,104674,35-39,M,80,3035,0,0.0,0,0
709417,1178,104893,45-49,M,15,7869,4,10.44,0,0
709417,1178,104168,30-34,F,52,8080,2,1.82,1,0
709419,936,104822,35-39,F,66,1725,1,1.96,0,0
709421,1178,104361,35-39,F,30,3252,2,3.02,1,0
709423,916,103997,40-44,M,45,7078,4,7.35,1,0
709427,916,104443,45-49,M,23,4545,2,5.07,0,0
709431,916,104268,40-44,F,97,1970,0,0.0,0,0
709432,916,104415,30-34,F,69,1922,0,0.0,0,0
709433,1178,104587,30-34,F,87,14266,4,3.97,1,0
709437,936,104993,30-34,F,26,71976,8,12.74,3,2
709438,1178,104289,45-49,F,113,1668,0,0.0,0,0
709440,916,104641,40-44,F,46,6604,1,1.66,0,0
709441,916,104742,35-39,M,5,9069,1,2.22,0,0
709444,1178,104358,45-49,F,72,19239,3,9.1,0,0
709446,1178,104447,45-49,M,112,26167,9,26.97,1,0
709446,936,105046,40-44,F,97,12172,2,4.2,0,0
709451,916,104229,35-39,M,74,960,0,0.0,0,0
709451,1178,104874,45-49,M,98,1048,1,1.74,0,0
709452,916,104379,30-34,F,66,10166,2,2.08,0,0
709455,936,104588,40-44,M,61,7333,2,3.63,2,1
709456,1178,104188,30-34,F,31,6135,1,1.51,0,0
709459,936,104233,30-34,F,91,12827,2,3.15,1,0
709465,1178,104671,45-49,F,66,158271,29,47.3,6,3
709466,936,104522,30-34,M,53,6479,1,1.47,0,0
709469,916,104990,45-49,F,14,2748,0,0.0,0,0
709470,916,105060,35-39,M,10,17148,3,6.68,0,0
709476,916,104391,35-39,M,44,1288,0,0.0,0,0
709480,916,105013,45-49,F,59,4410,0,0.0,0,0
709482,916,104437,35-39,M,59,6501,1,1.76,0,0
709491,1178,104399,30-34,F,98,16196,7,12.01,1,0
709491,1178,104215,30-34,M,103,28593,3,4.12,2,0
709502,916,105094,40-44,F,49,300,0,0.0,0,0
709507,916,104245,45-49,M,50,9036,4,5.7,0,0
709508,936,104689,35-39,F,96,91043,21,47.27,4,1
709510,936,104225,45-49,F,18,1409,0,0.0,0,0
709514,936,104317,40-44,F,25,11976,3,6.06,0,0
709529,936,104406,45-49,F,22,3349,0,0.0,0,0
709531,916,104979,45-49,M,112,1500,0,0.0,0,0
709533,916,104979,40-44,F,68,7259,1,1.71,0,0
709535,916,104876,30-34,F,3,16168,1,1.96,0,0
709538,916,104310,40-44,F,84,21574,6,10.12,1,0
709538,936,104290,45-49,M,13,2755,0,0.0,0,0
709548,916,104289,40-44,M,40,15156,1,2.49,0,0
709551,1178,104597,35-39,M,20,41900,14,18.55,4,2
709553,1178,104159,30-34,M,62,48461,6,10.05,3,0
709566,1178,104881,30-34,M,45,26993,11,13.9,1,0
709566,936,104817,30-34,F,29,9719,5,5.69,0,0
709572,1178,105066,40-44,M,101,112491,38,85.89,8,5
709578,1178,104594,40-44,F,57,68902,12,33.11,6,3
709583,916,104655,45-49,F,99,29631,4,8.75,0,0
709588,936,104643,30-34,F,24,1175,0,0.0,0,0
709605,936,104477,30-34,F,71,1661,0,0.0,0,0
